USE Liem_Warehouse 

INSERT INTO Transactions
VALUES 
('TR001', '2018-03-01'),
('TR002', '2018-03-05'),
('TR003', '2019-05-01'),
('TR004', '2019-06-02'), 
('TR005', '2019-06-03'), 
('TR006', '2019-06-03'), 
('TR007', '2019-01-03'),
('TR008', '2019-02-22'), 
('TR009', '2019-03-23'), 
('TR010', '2019-04-12'), 
('TR011', '2020-01-23'), 
('TR012', '2020-02-11'), 
('TR013', '2020-02-23'), 
('TR014', '2020-02-25'), 
('TR015', '2020-03-01'), 
('TR016', '2020-03-02'), 
('TR017', '2020-03-29'), 
('TR018', '2020-03-29'),
('TR019', '2020-04-10'),
('TR020', '2020-04-16'),
('TR021', '2020-04-17')

INSERT INTO SupplyTransaction
VALUES 
('SU001','ST004','TR001','FC001','2018-03-02', 'IT007', 20),
('SU002','ST008','TR002','FC011','2018-03-06', 'IT008', 20),
('SU003','ST001','TR003','FC001','2019-06-01', 'IT001', 20),
('SU004','ST001','TR003','FC001','2019-06-01','IT004', 10),
('SU005','ST003','TR004','FC003','2019-06-03','IT003', 15),
('SU006','ST004','TR004','FC003','2019-06-03','IT002', 10),
('SU007','ST002','TR005','FC004','2019-06-05','IT005', 15),
('SU008','ST004','TR005','FC004','2019-06-05','IT006', 20),
('SU009','ST005','TR005','FC004','2019-06-05','IT007', 10),
('SU010','ST005','TR006','FC008','2019-06-06','IT008', 15),
('SU011','ST009','TR006','FC008','2019-06-06','IT009', 10),
('SU012','ST009','TR007','FC011','2019-01-25','IT010', 10),
('SU013','ST006','TR007','FC011','2019-01-25','IT011', 20),
('SU014','ST007','TR007','FC011','2019-01-25','IT012', 15),
('SU015','ST010','TR008','FC010','2019-02-25','IT013', 20),
('SU016','ST010','TR008','FC010','2019-02-25','IT010', 15),
('SU017','ST008','TR008','FC010','2019-02-25','IT011', 10),
('SU018','ST008','TR009','FC011','2019-03-24','IT013', 15),
('SU019','ST005','TR009','FC011','2019-03-24','IT003', 10),
('SU020','ST006','TR009','FC011','2019-03-24','IT007', 20),
('SU021','ST006','TR009','FC011','2019-03-24','IT008', 10),
('SU022','ST008','TR009','FC011','2019-03-24','IT003', 10),
('SU023','ST009','TR010','FC009','2019-04-15','IT005', 15),
('SU024','ST003','TR010','FC009','2019-04-15','IT002', 10),
('SU025','ST006','TR010','FC009','2019-04-15','IT008', 15),
('SU026','ST008','TR010','FC009','2019-04-15','IT002', 5),
('SU027','ST002','TR010','FC009','2019-04-15','IT005', 10),
('SU028','ST010','TR011','FC009','2020-01-25','IT002', 15),
('SU029','ST010','TR011','FC009','2020-01-25','IT004', 20)

INSERT INTO DistributeTransaction
VALUES 
('DT001', 'ST002', 'TR012', 'DI002', 'Bekasi', '2020-02-14', 'IT010', 15),
('DT002', 'ST003', 'TR012', 'DI002', 'Bekasi', '2020-02-14', 'IT008', 15),
('DT003', 'ST004', 'TR012', 'DI002', 'Bekasi', '2020-02-14', 'IT011', 15),
('DT004', 'ST004', 'TR012', 'DI002', 'Bekasi', '2020-02-14', 'IT006', 15),
('DT005', 'ST005', 'TR013', 'DI004', 'Bekasi', '2020-02-25', 'IT004', 10),
('DT006', 'ST007', 'TR013', 'DI004', 'Bekasi', '2020-02-25', 'IT007', 25),
('DT007', 'ST006', 'TR013', 'DI004', 'Bekasi', '2020-02-25', 'IT003', 10),
('DT008', 'ST006', 'TR013', 'DI004', 'Bekasi', '2020-02-25', 'IT001', 25),
('DT009', 'ST008', 'TR013', 'DI004', 'Bekasi', '2020-02-25', 'IT008', 30),
('DT010', 'ST005', 'TR014', 'DI006', 'Tangerang', '2020-02-27', 'IT012', 25),
('DT011', 'ST005', 'TR014', 'DI006', 'Tangerang', '2020-02-27', 'IT010', 15),
('DT012', 'ST005', 'TR015', 'DI003', 'Bekasi', '2020-03-05', 'IT014', 15),
('DT013', 'ST009', 'TR015', 'DI003', 'Bekasi', '2020-03-05', 'IT011', 35),
('DT014', 'ST008', 'TR015', 'DI003', 'Bekasi', '2020-03-05', 'IT005', 20),
('DT015', 'ST002', 'TR016', 'DI005', 'Bandung', '2020-03-06', 'IT008', 25),
('DT016', 'ST002', 'TR016', 'DI005', 'Bandung', '2020-03-06', 'IT009', 15),
('DT017', 'ST004', 'TR016', 'DI005', 'Bandung', '2020-03-06', 'IT010', 10),
('DT018', 'ST005', 'TR017', 'DI008', 'Bogor', '2020-04-01', 'IT004', 20),
('DT019', 'ST009', 'TR017', 'DI008', 'Bogor', '2020-04-01', 'IT005', 10),
('DT020', 'ST009', 'TR017', 'DI008', 'Bogor', '2020-04-01', 'IT009', 20),
('DT021', 'ST010', 'TR018', 'DI009', 'Bogor', '2020-04-02', 'IT013', 15),
('DT022', 'ST010', 'TR018', 'DI009', 'Bogor', '2020-04-02', 'IT014', 30),
('DT023', 'ST008', 'TR019', 'DI010', 'Bogor', '2020-04-12', 'IT008', 25),
('DT024', 'ST008', 'TR019', 'DI010', 'Bogor', '2020-04-12', 'IT010', 20),
('DT025', 'ST001', 'TR019', 'DI010', 'Bogor', '2020-04-12', 'IT009', 45),
('DT026', 'ST001', 'TR019', 'DI010', 'Bogor', '2020-04-12', 'IT008', 50),
('DT027', 'ST002', 'TR020', 'DI008', 'Bogor', '2020-04-18', 'IT008', 20),
('DT028', 'ST003', 'TR021', 'DI005', 'Bandung', '2020-04-19', 'IT006', 50)